{
    "7466367989": {
        "access": "eyJhbGciOiJIUzI1NiIsInR5cCI6IkpXVCJ9.eyJoYXNfZ3Vlc3QiOmZhbHNlLCJ0eXBlIjoiQUNDRVNTIiwiaXNzIjoiYmx1bSIsInN1YiI6IjZlYzBkZTZlLTUxMWEtNGQyNS05NTQ0LTkwMzg5MWY5YTI1YyIsImV4cCI6MTcyNjAyMjIxOCwiaWF0IjoxNzI2MDE4NjE4fQ.Q-MXhhKAwKlHOqnNwFVXvL3FpeZzhquQysEMwH4WJ28",
        "refresh": "eyJhbGciOiJIUzI1NiIsInR5cCI6IkpXVCJ9.eyJoYXNfZ3Vlc3QiOmZhbHNlLCJ0eXBlIjoiUkVGUkVTSCIsImlzcyI6ImJsdW0iLCJzdWIiOiI2ZWMwZGU2ZS01MTFhLTRkMjUtOTU0NC05MDM4OTFmOWEyNWMiLCJleHAiOjE3MjYxMDUwMTgsImlhdCI6MTcyNjAxODYxOH0.9yHIFR6kYQO1rBXG3UCLyig6TrT94BtiBeoQKctc0iY"
    },
    "7204806196": {
        "access": "eyJhbGciOiJIUzI1NiIsInR5cCI6IkpXVCJ9.eyJoYXNfZ3Vlc3QiOmZhbHNlLCJ0eXBlIjoiQUNDRVNTIiwiaXNzIjoiYmx1bSIsInN1YiI6IjJkOWYzNTRiLWQ2NTAtNDFhNy1hZTc4LWFlOThjMTE2NDljMyIsImV4cCI6MTcyNjExNjIwNCwiaWF0IjoxNzI2MTEyNjA0fQ.LClk7I6QSkECo6wD-56RdV_nIc5Fvw_ODakZHrfuYOM",
        "refresh": "eyJhbGciOiJIUzI1NiIsInR5cCI6IkpXVCJ9.eyJoYXNfZ3Vlc3QiOmZhbHNlLCJ0eXBlIjoiUkVGUkVTSCIsImlzcyI6ImJsdW0iLCJzdWIiOiIyZDlmMzU0Yi1kNjUwLTQxYTctYWU3OC1hZTk4YzExNjQ5YzMiLCJleHAiOjE3MjYxOTkwMDQsImlhdCI6MTcyNjExMjYwNH0.GvLfKb9iakMFoUaItZxMOFN160uvFU_TmtBF-UxSnxk"
    },
    "7484103650": {
        "access": "eyJhbGciOiJIUzI1NiIsInR5cCI6IkpXVCJ9.eyJoYXNfZ3Vlc3QiOmZhbHNlLCJ0eXBlIjoiQUNDRVNTIiwiaXNzIjoiYmx1bSIsInN1YiI6ImJmMTFlYmNkLThmNGUtNDY5OS1hZDcxLWVjZWZkMWFiYzIzMyIsImV4cCI6MTcyNjMzMzMyMiwiaWF0IjoxNzI2MzI5NzIyfQ.iMtSCihxK65p_N7Wxi933XGf3A0Dgz53ktrde4brbU8",
        "refresh": "eyJhbGciOiJIUzI1NiIsInR5cCI6IkpXVCJ9.eyJoYXNfZ3Vlc3QiOmZhbHNlLCJ0eXBlIjoiUkVGUkVTSCIsImlzcyI6ImJsdW0iLCJzdWIiOiJiZjExZWJjZC04ZjRlLTQ2OTktYWQ3MS1lY2VmZDFhYmMyMzMiLCJleHAiOjE3MjY0MTYxMjIsImlhdCI6MTcyNjMyOTcyMn0.0ZS48_XfO7hpxNtez1zN3XvEtXCA54FN-wvwvoqgP-g"
    }
}